Game Name,Game Link,Developer Name,Publisher Name,Game Genre,Platform,Style Genre,Release Date,Price,Rating,Positive Review,Review
Dyson Sphere Program,https://store.steampowered.com/app/1366540/Dyson_Sphere_Program/?snr=1_7_7_240_150_1,Youthcat Studio,Youthcat Studio,"Space,Automation,Base Building,Building,Open World,Resource Management,Simulation,Sci-fi,Management,Sandbox,City Builder,Strategy,Singleplayer,Space Sim,3D,Third Person,Early Access,Indie,RTS,Casual",win,"3D,Third Person","20 Jan, 2021",624₴,10,0.97,63698
STAR WARS™ Empire at War - Gold Pack,https://store.steampowered.com/app/32470/STAR_WARS_Empire_at_War__Gold_Pack/?snr=1_7_7_240_150_1,Petroglyph,Petroglyph,"Strategy,RTS,Space,Sci-fi,Multiplayer,Singleplayer,Moddable,Mod,Tactical,War,Action,Classic,Great Soundtrack,Grand Strategy,Simulation,Co-op,4X,Adventure,Atmospheric,Epic",win,,"16 Feb, 2006",3 615₴,10,0.97,26723
Stronghold Crusader HD,https://store.steampowered.com/app/40970/Stronghold_Crusader_HD/?snr=1_7_7_240_150_1,FireFly Studios,FireFly Studios,"Real Time Tactics,City Builder,Colony Sim,Building,Medieval,Base Building,Sandbox,War,Management,Economy,Military,RTS,Real-Time,Strategy,Isometric,Open World,Resource Management,Historical,2D,Simulation",win,"Isometric,2D","31 Jul, 2002",169₴,10,0.97,12775
Rusted Warfare - RTS,https://store.steampowered.com/app/647960/Rusted_Warfare__RTS/?snr=1_7_7_240_150_2,Corroding Games,Corroding Games,"RTS,Strategy,Base Building,Multiplayer,Moddable,Indie,2D,Singleplayer,Real-Time,Sandbox,Pixel Graphics,Co-op,Real-Time with Pause,Robots,Retro,Mechs,Action,War,Tower Defense,Mod","linux, mac, win","2D,Pixel Graphics","14 Jul, 2017",99₴,10,0.97,3185
Shadow Tactics: Blades of the Shogun,https://store.steampowered.com/app/418240/Shadow_Tactics_Blades_of_the_Shogun/?snr=1_7_7_240_150_2,Mimimi Games,Mimimi Games,"Stealth,Strategy,Tactical,Ninja,Real Time Tactics,Singleplayer,Indie,Isometric,Historical,Assassin,Action,RTS,Difficult,Violent,Atmospheric,Third Person,Adventure,Survival,Great Soundtrack,Puzzle","music, linux, mac, win","Isometric,Third Person","6 Dec, 2016",1 084₴,10,0.96,26989
Mindustry,https://store.steampowered.com/app/1127400/Mindustry/?snr=1_7_7_240_150_1,AnukenDev,AnukenDev,"Base Building,Resource Management,Tower Defense,Strategy,Automation,Multiplayer,Sandbox,Building,Co-op,2D,Pixel Graphics,Online Co-Op,RTS,Singleplayer,Indie,PvP,PvE,Survival,Management,Action","linux, mac, win","2D,Pixel Graphics","26 Sep, 2019",169₴,10,0.96,12702
Supreme Commander: Forged Alliance,https://store.steampowered.com/app/9420/Supreme_Commander_Forged_Alliance/?snr=1_7_7_240_150_2,Gas Powered Games,Gas Powered Games,"Strategy,RTS,Sci-fi,Multiplayer,Singleplayer,Grand Strategy,Base Building,Co-op,Moddable,Real-Time with Pause,Robots,Competitive,Real-Time,Action,Online Co-Op,Classic,Great Soundtrack,Space,War,Adventure",win,,"28 Sep, 2011",507₴,10,0.96,7829
Desperados III,https://store.steampowered.com/app/610370/Desperados_III/?snr=1_7_7_240_150_2,Mimimi Games,Mimimi Games,"Strategy,Real Time Tactics,Stealth,Western,Tactical,Isometric,Singleplayer,Assassin,Difficult,Action,Third Person,Atmospheric,Historical,Violent,Indie,Adventure,Survival,Great Soundtrack,RTS,Top-Down","music, linux, mac, win","Isometric,Third Person,Top-Down","16 Jun, 2020",884₴,10,0.96,7804
Kingdom Rush Frontiers - Tower Defense,https://store.steampowered.com/app/458710/Kingdom_Rush_Frontiers__Tower_Defense/?snr=1_7_7_240_150_2,Ironhide Game Studio,Ironhide Game Studio,"Tower Defense,Strategy,2D,Singleplayer,Difficult,Choices Matter,Funny,Fantasy,Casual,Magic,Adventure,Building,Cartoon,Indie,Touch-Friendly,Action,Colorful,Pixel Graphics,RTS,Great Soundtrack","linux, mac, win","2D,Cartoon,Colorful,Pixel Graphics","25 Jul, 2016",1 173₴,10,0.96,6544
Door Kickers 2: Task Force North,https://store.steampowered.com/app/1239080/Door_Kickers_2_Task_Force_North/?snr=1_7_7_240_150_1,KillHouse Games,KillHouse Games,"Strategy,Tactical,Simulation,Action,Indie,Real Time Tactics,Top-Down,Military,Co-op,Real-Time with Pause,Level Editor,Early Access,Top-Down Shooter,Violent,Multiplayer,Gore,RTS,Singleplayer,Moddable,War",win,Top-Down,"3 Nov, 2020",1 115₴,10,0.96,5971
"Warhammer® 40,000: Dawn of War® - Dark Crusade",https://store.steampowered.com/app/4580/Warhammer_40000_Dawn_of_War__Dark_Crusade/?snr=1_7_7_240_150_2,Relic Entertainment,Relic Entertainment,"Strategy,Warhammer 40K,RTS,Base Building,Sci-fi,Multiplayer,Singleplayer,Games Workshop,Real-Time,Classic,War,Action,Tactical,Atmospheric,Gore,Co-op,Fantasy,Space,Adventure,Nostalgia",win,,"9 Oct, 2006",209₴,10,0.96,5818
Creeper World 3: Arc Eternal,https://store.steampowered.com/app/280220/Creeper_World_3_Arc_Eternal/?snr=1_7_7_240_150_3,Knuckle Cracker,Knuckle Cracker,"Tower Defense,Strategy,Indie,RTS,Singleplayer,Sci-fi,Real-Time with Pause,Simulation,Base Building,Level Editor,Top-Down,Addictive,2D,Resource Management,Survival,Real-Time,Pixel Graphics,Sandbox,Great Soundtrack","music, linux, mac, win","Top-Down,2D,Pixel Graphics","27 Mar, 2014",1 046₴,10,0.96,3591
Total Annihilation,https://store.steampowered.com/app/298030/Total_Annihilation/?snr=1_7_7_240_150_3,Cavedog Entertainment,Cavedog Entertainment,"Strategy,RTS,Classic,Great Soundtrack,Sci-fi,Multiplayer,Singleplayer,Robots,Retro,Atmospheric,1990's,Base Building,Co-op,Action,Nostalgia,Top-Down",win,Top-Down,"30 Sep, 1997",99₴,10,0.96,2725
Lords of the Realm II,https://store.steampowered.com/app/397350/Lords_of_the_Realm_II/?snr=1_7_7_240_150_5,Impressions Games,Impressions Games,"Strategy,RPG,Medieval,Turn-Based,Classic,Multiplayer,RTS",win,,"31 Oct, 1996",4 581₴,10,0.96,1147
Age of Empires II (2013),https://store.steampowered.com/app/221380/Age_of_Empires_II_2013/?snr=1_7_7_240_150_1,"Skybox Labs, Hidden Path Entertainment, Ensemble Studios, Forgotten Empires","Skybox Labs, Hidden Path Entertainment, Ensemble Studios, Forgotten Empires","Strategy,RTS,Medieval,Multiplayer,Classic,Historical,Base Building,City Builder,Resource Management,Singleplayer,Tactical,Real-Time,Co-op,Competitive,Replay Value,Remake,2D,Isometric,Action,Adventure",win,"2D,Isometric","9 Apr, 2013",279₴,10,0.95,79704
Kenshi,https://store.steampowered.com/app/233860/Kenshi/?snr=1_7_7_240_150_1,Lo-Fi Games,Lo-Fi Games,"Open World,Sandbox,RPG,Survival,Strategy,Building,Post-apocalyptic,Base Building,Singleplayer,Crafting,City Builder,Indie,Simulation,Adventure,Management,RTS,Ninja,Character Customization,Alternate History,Steampunk",win,,"6 Dec, 2018",379₴,10,0.95,57958
Total War: MEDIEVAL II – Definitive Edition,https://store.steampowered.com/app/4700/Total_War_MEDIEVAL_II__Definitive_Edition/?snr=1_7_7_240_150_1,"CREATIVE ASSEMBLY, Feral Interactive (Mac), Feral Interactive (Linux)","CREATIVE ASSEMBLY, Feral Interactive (Mac), Feral Interactive (Linux)","Strategy,Medieval,Historical,Turn-Based Strategy,Grand Strategy,War,RTS,Tactical,Singleplayer,Multiplayer,Moddable,Military,Turn-Based,Real Time Tactics,Classic,Simulation,Action,Sandbox,Great Soundtrack,4X","linux, mac, win",,"15 Nov, 2006",399₴,10,0.95,20484
"Warhammer® 40,000: Dawn of War® - Soulstorm",https://store.steampowered.com/app/9450/Warhammer_40000_Dawn_of_War__Soulstorm/?snr=1_7_7_240_150_2,Relic Entertainment,Relic Entertainment,"Warhammer 40K,Strategy,RTS,Base Building,Sci-fi,Multiplayer,Real-Time,Games Workshop,Singleplayer,Futuristic,Classic,Action,Atmospheric,Great Soundtrack,Gore,Moddable,Adventure,Fantasy,Co-op,Memes",win,,"5 Mar, 2008",209₴,10,0.95,10452
Against the Storm,https://store.steampowered.com/app/1336490/Against_the_Storm/?snr=1_7_7_240_150_1,Eremite Games,Eremite Games,"Strategy,Simulation,City Builder,Base Building,Colony Sim,Building,Resource Management,Management,Survival,Economy,RTS,Roguelite,Sandbox,Open World,Singleplayer,Moddable,Crafting,Medieval,Exploration,Early Access",win,,"1 Nov, 2022",1 440₴,10,0.95,10247
Stronghold HD,https://store.steampowered.com/app/40950/Stronghold_HD/?snr=1_7_7_240_150_2,FireFly Studios,FireFly Studios,"Real Time Tactics,City Builder,Colony Sim,Sandbox,Building,Tower Defense,Medieval,Economy,Base Building,RTS,Strategy,2D,Isometric,Funny,Historical,Simulation,Open World,Atmospheric,Comedy,Resource Management","music, win","2D,Isometric","19 Oct, 2001",119₴,10,0.95,6905
"Warhammer® 40,000: Dawn of War® - Game of the Year Edition",https://store.steampowered.com/app/4570/Warhammer_40000_Dawn_of_War__Game_of_the_Year_Edition/?snr=1_7_7_240_150_1,Relic Entertainment,Relic Entertainment,"Strategy,RTS,Warhammer 40K,Base Building,Sci-fi,Multiplayer,Real-Time,Games Workshop,Tactical,Singleplayer,War,Classic,Action,Gore,Fantasy,Great Soundtrack,Epic,Futuristic,Story Rich,Dark",win,,"1 Jan, 2006",1 033₴,10,0.95,6221
Airships: Conquer the Skies,https://store.steampowered.com/app/342560/Airships_Conquer_the_Skies/?snr=1_7_7_240_150_2,David Stark,David Stark,"Grand Strategy,PvP,Wargame,Naval Combat,Multiplayer,Real-Time,Competitive,RTS,4X,Online Co-Op,Vehicular Combat,Strategy,2D,Alternate History,Mechs,Steampunk,Tanks,World War I,Co-op,Military","linux, mac, win",2D,"16 Aug, 2018",398₴,10,0.95,4521
Command & Conquer 3: Kane's Wrath,https://store.steampowered.com/app/24810/Command__Conquer_3_Kanes_Wrath/?snr=1_7_7_240_150_2,EA Los Angeles,EA Los Angeles,"Strategy,RTS,Base Building,Sci-fi,Multiplayer,Singleplayer,FMV,Great Soundtrack,Action,Classic,Story Rich,Atmospheric,Co-op",win,FMV,"13 Nov, 2009",499₴,10,0.95,3238
Creeper World 4,https://store.steampowered.com/app/848480/Creeper_World_4/?snr=1_7_7_240_150_2,Knuckle Cracker,Knuckle Cracker,"Tower Defense,Wargame,Real Time Tactics,Building,Space,RTS,Physics,Strategy,3D,War,Grand Strategy,Top-Down,Story Rich,Action,Simulation,Sci-fi,Tactical,Level Editor,Singleplayer,Multiplayer","music, win","3D,Top-Down","3 Dec, 2020",1 046₴,10,0.95,3229
Impossible Creatures Steam Edition,https://store.steampowered.com/app/324680/Impossible_Creatures_Steam_Edition/?snr=1_7_7_240_150_3,"Relic Entertainment, THQ Nordic","Relic Entertainment, THQ Nordic","Strategy,RTS,Cult Classic,Singleplayer,Multiplayer,Base Building,Classic,Real-Time,War,Sci-fi,Action,Retro,Adventure",win,,"7 Jan, 2003",169₴,10,0.95,1291
Age of Empires II: Definitive Edition,https://store.steampowered.com/app/813780/Age_of_Empires_II_Definitive_Edition/?snr=1_7_7_240_150_1,"Forgotten Empires, Tantalus Media, Wicked Witch, World's Edge","Forgotten Empires, Tantalus Media, Wicked Witch, World's Edge","Strategy,RTS,City Builder,Multiplayer,Base Building,Historical,Medieval,Singleplayer,Resource Management,Classic,Tactical,Real-Time,Co-op,Remake,Isometric,Replay Value,2D,Action,Adventure,Great Soundtrack",win,"Isometric,2D","14 Nov, 2019",648₴,9,0.94,108540
Lobotomy Corporation | Monster Management Simulation,https://store.steampowered.com/app/568220/Lobotomy_Corporation__Monster_Management_Simulation/?snr=1_7_7_240_150_1,ProjectMoon,ProjectMoon,"Management,Difficult,Simulation,Story Rich,Horror,Psychological Horror,Gore,Indie,Great Soundtrack,Strategy,Singleplayer,2D,Cute,Lovecraftian,Anime,Atmospheric,RTS,Roguelike,Roguelite,Visual Novel",win,"2D,Cute,Anime","9 Apr, 2018",329₴,9,0.94,23131
Dungeons 3,https://store.steampowered.com/app/493900/Dungeons_3/?snr=1_7_7_240_150_2,Realmforge Studios,Realmforge Studios,"Strategy,Villain Protagonist,Simulation,RTS,Base Building,God Game,Management,Female Protagonist,Comedy,Multiplayer,Economy,Funny,Singleplayer,Dark Fantasy,Dark Humor,Online Co-Op,Horror,Co-op Campaign,Real Time Tactics,Isometric","music, linux, mac, win",Isometric,"13 Oct, 2017",822₴,9,0.94,11674
Rome: Total War™ - Collection,https://store.steampowered.com/app/4760/Rome_Total_War__Collection/?snr=1_7_7_240_150_7,CREATIVE ASSEMBLY,CREATIVE ASSEMBLY,"Strategy,Historical,Rome,Turn-Based Strategy,RTS,Grand Strategy,Classic,Tactical,War,Great Soundtrack,Multiplayer,Singleplayer,Turn-Based,Moddable,Real Time Tactics,Action,Atmospheric,Simulation,4X,Nostalgia",,,"22 Sep, 2004",,9,0.94,11626
Rise of Nations: Extended Edition,https://store.steampowered.com/app/287450/Rise_of_Nations_Extended_Edition/?snr=1_7_7_240_150_1,"SkyBox Labs, Big Huge Games","SkyBox Labs, Big Huge Games","Strategy,RTS,Classic,Historical,Multiplayer,Nostalgia,Simulation,War,Great Soundtrack,Epic,Singleplayer,Base Building,Real-Time,City Builder,Co-op,Remake,Building,Action,Isometric,Atmospheric",win,Isometric,"12 Jun, 2014",947₴,9,0.94,10403
Brutal Legend,https://store.steampowered.com/app/225260/Brutal_Legend/?snr=1_7_7_240_150_2,Double Fine Productions,Double Fine Productions,"Action,Comedy,Adventure,Great Soundtrack,Open World,Music,Hack and Slash,Strategy,Third Person,Funny,RTS,Fantasy,Singleplayer,Gothic,Action-Adventure,Multiplayer,Atmospheric,Beat 'em up,RPG,Action RPG","music, linux, mac, win",Third Person,"26 Feb, 2013",1 934₴,9,0.94,9093
Company of Heroes,https://store.steampowered.com/app/228200/Company_of_Heroes/?snr=1_7_7_240_150_1,Relic Entertainment,Relic Entertainment,"Strategy,World War II,RTS,War,Action,Multiplayer,Singleplayer,Tactical,Military,Violent,Historical,Base Building,Co-op,Classic,Real Time Tactics,Mod,Moddable,Story Rich,Mature,Great Soundtrack",win,,"11 Sep, 2006",189₴,9,0.94,8954
Empires of the Undergrowth,https://store.steampowered.com/app/463530/Empires_of_the_Undergrowth/?snr=1_7_7_240_150_1,Slug Disco,Slug Disco,"Strategy,Simulation,Base Building,City Builder,Management,Colony Sim,Sandbox,Building,Resource Management,Survival,RTS,Open World,Early Access,Realistic,Singleplayer,Economy,Exploration,Sci-fi,Moddable,Procedural Generation","mac, win",Realistic,"1 Dec, 2017",1 440₴,9,0.94,7888
Door Kickers,https://store.steampowered.com/app/248610/Door_Kickers/?snr=1_7_7_240_150_3,KillHouse Games,KillHouse Games,"Tactical,Strategy,Top-Down,Simulation,Action,Indie,Singleplayer,2D,Real-Time with Pause,Replay Value,Co-op,Real Time Tactics,RTS,Top-Down Shooter,Shooter,Moddable,Puzzle,Level Editor,Difficult,Multiplayer","linux, win","Top-Down,2D","20 Oct, 2014",1 115₴,9,0.94,7464
Space Rangers HD: A War Apart,https://store.steampowered.com/app/214730/Space_Rangers_HD_A_War_Apart/?snr=1_7_7_240_150_5,"SNK Games, Elemental Games, Katauri Interactive","SNK Games, Elemental Games, Katauri Interactive","Space,RPG,Strategy,Adventure,Simulation,Classic,Open World,Sci-fi,Action,Turn-Based,Atmospheric,Comedy,Nostalgia,Sandbox,Replay Value,Singleplayer,RTS,Arcade,2D,Procedural Generation",win,2D,"15 Mar, 2013",384₴,9,0.94,4585
Zero-K,https://store.steampowered.com/app/334920/ZeroK/?snr=1_7_7_240_150_4,Zero-K Team,Zero-K Team,"Strategy,Free to Play,RTS,Indie,Multiplayer,Simulation,Real-Time,Singleplayer,Co-op,Online Co-Op,Robots,Sci-fi","linux, win",,"27 Apr, 2018",Free,9,0.94,3053
Evil Genius,https://store.steampowered.com/app/3720/Evil_Genius/?snr=1_7_7_240_150_5,Elixir Studios,Elixir Studios,"Strategy,Base Building,Villain Protagonist,Comedy,Singleplayer,Simulation,Parody,Management,Stylized,RTS,Funny,Real-Time with Pause,Building,Classic,God Game,Colorful,Great Soundtrack,Sandbox,Female Protagonist",win,"Stylized,Colorful","28 Sep, 2004",4 581₴,9,0.94,2849
Infested Planet,https://store.steampowered.com/app/204530/Infested_Planet/?snr=1_7_7_240_150_4,Rocket Bear Games,Rocket Bear Games,"Strategy,Action,Tower Defense,Indie,RTS,Singleplayer,Top-Down,Sci-fi,Aliens,Tactical,2D,Real-Time with Pause,Gore",win,"Top-Down,2D","6 Mar, 2014",339₴,9,0.94,2246
Original War,https://store.steampowered.com/app/235320/Original_War/?snr=1_7_7_240_150_4,Altar Games,Altar Games,"Strategy,RTS,Sci-fi,Singleplayer,Real-Time with Pause,Time Travel,RPG,Indie,Multiplayer,Story Rich,Difficult,War,2D,Wargame,Real-Time,Atmospheric,Moddable,Co-op,Online Co-Op,PvP",win,2D,"15 Jun, 2001",139₴,9,0.94,1494
Total War: WARHAMMER II,https://store.steampowered.com/app/594570/Total_War_WARHAMMER_II/?snr=1_7_7_240_150_1,"CREATIVE ASSEMBLY, Feral Interactive (Mac), Feral Interactive (Linux)","CREATIVE ASSEMBLY, Feral Interactive (Mac), Feral Interactive (Linux)","Strategy,Fantasy,Turn-Based Strategy,RTS,Grand Strategy,War,Multiplayer,Games Workshop,Action,Turn-Based,Singleplayer,Dark Fantasy,Co-op,Tactical,Real Time Tactics,Story Rich,Atmospheric,Dinosaurs,Great Soundtrack,Warhammer 40K","linux, mac, win",,"28 Sep, 2017",949₴,9,0.93,80790
Sins of a Solar Empire®: Rebellion,https://store.steampowered.com/app/204880/Sins_of_a_Solar_Empire_Rebellion/?snr=1_7_7_240_150_1,"Ironclad Games, Stardock Entertainment","Ironclad Games, Stardock Entertainment","Real Time Tactics,Space Sim,4X,RTS,Grand Strategy,Wargame,PvP,Strategy,PvE,Real-Time,Base Building,Tactical,3D,Third Person,Vehicular Combat,Space,Exploration,Pirates,Sci-fi,Military","music, win","3D,Third Person","12 Jun, 2012",799₴,9,0.93,9324
Bad North: Jotunn Edition,https://store.steampowered.com/app/688420/Bad_North_Jotunn_Edition/?snr=1_7_7_240_150_2,"Plausible Concept, Oskar Stålberg","Plausible Concept, Oskar Stålberg","Real Time Tactics,Minimalist,Roguelite,Tower Defense,Strategy,Cute,RTS,Simulation,Action Roguelike,Action,Tactical,Singleplayer,Touch-Friendly,Casual,Stylized,Isometric,Difficult,Atmospheric,Perma Death,Roguelike","mac, win","Minimalist,Cute,Stylized,Isometric","16 Nov, 2018",439₴,9,0.93,6713
Company of Heroes - Legacy Edition,https://store.steampowered.com/app/4560/Company_of_Heroes__Legacy_Edition/?snr=1_7_7_240_150_6,Relic Entertainment,Relic Entertainment,"Strategy,World War II,RTS,Multiplayer,Military,Action,Tactical,Singleplayer,War,Base Building,Historical,Tanks,Moddable,Co-op,Simulation,Epic,Classic,Team-Based,Addictive,Adventure",win,,"11 Sep, 2006",189₴,9,0.93,4168
Overlord™,https://store.steampowered.com/app/11450/Overlord/?snr=1_7_7_240_150_3,Triumph Studios,Triumph Studios,"Hack and Slash,Dark Fantasy,Puzzle,RTS,Action RPG,Villain Protagonist,Action-Adventure,RPG,Strategy,Third Person,Dark Humor,Funny,Open World,Story Rich,Action,Fantasy,Atmospheric,Comedy,Adventure,Multiplayer",win,Third Person,"26 Jun, 2007",484₴,9,0.93,4081
EMERGENCY 4 Deluxe,https://store.steampowered.com/app/757210/EMERGENCY_4_Deluxe/?snr=1_7_7_240_150_2,Sixteen Tons Entertainment,Sixteen Tons Entertainment,"Simulation,Strategy,Mod,Singleplayer,Multiplayer,Moddable,Realistic,Online Co-Op,Real-Time,Real Time Tactics,Co-op,RTS,Classic,Cult Classic,Retro",win,Realistic,"13 Apr, 2006",477₴,9,0.93,1321
Hearts of Iron IV,https://store.steampowered.com/app/394360/Hearts_of_Iron_IV/?snr=1_7_7_240_150_1,Paradox Development Studio,Paradox Development Studio,"Strategy,World War II,Grand Strategy,War,Historical,Military,Alternate History,Multiplayer,Simulation,Tactical,Real-Time with Pause,Singleplayer,RTS,Diplomacy,Sandbox,Co-op,Competitive,Strategy RPG,Open World,Action","linux, mac, win",,"6 Jun, 2016",2 569₴,9,0.92,164202
Crusader Kings III,https://store.steampowered.com/app/1158310/Crusader_Kings_III/?snr=1_7_7_240_150_1,Paradox Development Studio,Paradox Development Studio,"Strategy,Simulation,RPG,Grand Strategy,Medieval,Historical,Management,RTS,Life Sim,4X,Character Customization,Sandbox,Choices Matter,Singleplayer,War,Economy,Moddable,Political,Real-Time with Pause,Multiplayer","linux, mac, win",,"1 Sep, 2020",502₴,9,0.92,58624
Age of Mythology: Extended Edition,https://store.steampowered.com/app/266840/Age_of_Mythology_Extended_Edition/?snr=1_7_7_240_150_1,"SkyBox Labs, Ensemble Studios","SkyBox Labs, Ensemble Studios","Strategy,Mythology,RTS,Classic,Multiplayer,Nostalgia,Great Soundtrack,Singleplayer,Epic,Fantasy,Simulation,Historical,Atmospheric,Real-Time,Tactical,Adventure,Story Rich,Co-op,Remake,Action",win,,"8 May, 2014",2 670₴,9,0.92,25697
Kingdoms and Castles,https://store.steampowered.com/app/569480/Kingdoms_and_Castles/?snr=1_7_7_240_150_2,"Lion Shield, LLC","Lion Shield, LLC","City Builder,Colony Sim,Strategy,Medieval,Building,Simulation,Sandbox,Singleplayer,Resource Management,Base Building,Survival,Management,RTS,Action,Economy,Colorful,Great Soundtrack,Open World,Relaxing,Crafting","music, linux, mac, win",Colorful,"20 Jul, 2017",394₴,9,0.92,23318
Victoria II,https://store.steampowered.com/app/42960/Victoria_II/?snr=1_7_7_240_150_2,Paradox Development Studio,Paradox Development Studio,"Grand Strategy,Strategy,Historical,Political Sim,Politics,Economy,Simulation,Real-Time with Pause,Military,World War I,Sandbox,War,Singleplayer,RTS,Multiplayer,Alternate History,Management,Moddable,Diplomacy,Great Soundtrack",win,,"30 Aug, 2010",554₴,9,0.92,14141
STAR WARS™ Galactic Battlegrounds Saga,https://store.steampowered.com/app/356500/STAR_WARS_Galactic_Battlegrounds_Saga/?snr=1_7_7_240_150_2,Ensemble Studios,Ensemble Studios,"Strategy,RTS,Action,Multiplayer,Singleplayer,Classic,Sci-fi,2D,Base Building,Real-Time,Great Soundtrack",win,2D,"9 Nov, 2001",3 615₴,9,0.92,3016
Shadow Tactics: Aiko's Choice,https://store.steampowered.com/app/1579380/Shadow_Tactics_Aikos_Choice/?snr=1_7_7_240_150_2,Mimimi Games,Mimimi Games,"Real Time Tactics,Strategy,Action,Isometric,Adventure,Stealth,RTS,Assassin,Puzzle,Atmospheric,Historical,Ninja,Tactical,Singleplayer,Survival,Indie,Violent,Difficult,Military,Building","music, linux, win",Isometric,"6 Dec, 2021",1 084₴,9,0.92,2882
Knights of Honor,https://store.steampowered.com/app/25830/Knights_of_Honor/?snr=1_7_7_240_150_3,Black Sea Studios Ltd,Black Sea Studios Ltd,"Strategy,Medieval,Grand Strategy,RTS,Historical,War,Classic,Singleplayer,Great Soundtrack,Multiplayer,Real-Time,Simulation,Diplomacy",win,,"10 May, 2005",169₴,9,0.92,1972
NEBULOUS: Fleet Command,https://store.steampowered.com/app/887570/NEBULOUS_Fleet_Command/?snr=1_7_7_240_150_1,Eridanus Industries,Eridanus Industries,"Strategy,Simulation,Grand Strategy,RTS,War,Tactical,4X,Moddable,Action,Sandbox,Military,Management,Singleplayer,Multiplayer,Co-op,Real-Time with Pause,Economy,Alternate History,Diplomacy,Early Access",win,,"11 Feb, 2022",224₴,9,0.92,1804
Company of Heroes: Tales of Valor,https://store.steampowered.com/app/20540/Company_of_Heroes_Tales_of_Valor/?snr=1_7_7_240_150_6,Relic Entertainment,Relic Entertainment,"Strategy,RTS,World War II,Military,Multiplayer,Base Building,Singleplayer,Action,War,Tactical,Historical,Co-op",win,,"8 Apr, 2009",189₴,9,0.92,1406
Overlord™: Raising Hell,https://store.steampowered.com/app/12710/Overlord_Raising_Hell/?snr=1_7_7_240_150_4,Triumph Studios,Triumph Studios,"RPG,Action,Villain Protagonist,Dark Fantasy,Third Person,Fantasy,Singleplayer,Adventure,Comedy,Funny,Strategy,Dark Humor,Action RPG,Puzzle,Action-Adventure,RTS,Atmospheric,Story Rich,Hack and Slash,Open World",win,Third Person,"15 Feb, 2008",484₴,9,0.92,1384
ICBM,https://store.steampowered.com/app/1178220/ICBM/?snr=1_7_7_240_150_2,"SoftWarWare, K-Project","SoftWarWare, K-Project","RTS,Cold War,Military,Destruction,Real Time Tactics,Strategy,Outbreak Sim,PvP,War,Submarine,Tactical,Artificial Intelligence,Moddable,Time Manipulation,Base Building,Naval Combat,Minimalist,Flight,Political,Naval",win,Minimalist,"17 Nov, 2020",279₴,9,0.92,1162
Frostpunk,https://store.steampowered.com/app/323190/Frostpunk/?snr=1_7_7_240_150_1,11 bit studios,11 bit studios,"City Builder,Survival,Resource Management,Strategy,Post-apocalyptic,Steampunk,Colony Sim,Building,Base Building,Simulation,Singleplayer,Management,Choices Matter,Atmospheric,Economy,Dark,Difficult,RTS,Real-Time with Pause,Great Soundtrack","music, mac, win",,"24 Apr, 2018",538₴,9,0.91,74995
Minion Masters,https://store.steampowered.com/app/489520/Minion_Masters/?snr=1_7_7_240_150_1,BetaDwarf,BetaDwarf,"Real Time Tactics,RTS,Multiplayer,Co-op,Card Battler,Free to Play,Strategy RPG,Card Game,Strategy,PvP,PvE,Deckbuilding,Tactical,Competitive,Online Co-Op,Singleplayer,Turn-Based Tactics,Mouse only,Tower Defense,Stylized","mac, win",Stylized,"24 May, 2019",1 492₴,9,0.91,60675
Men of War: Assault Squad 2,https://store.steampowered.com/app/244450/Men_of_War_Assault_Squad_2/?snr=1_7_7_240_150_1,Digitalmindsoft,Digitalmindsoft,"Strategy,World War II,War,Simulation,RTS,Action,Tactical,Military,Multiplayer,Real Time Tactics,Realistic,Tanks,Historical,Co-op,Singleplayer,Destruction,Atmospheric,Difficult,Classic,Adventure",win,Realistic,"15 May, 2014",2 620₴,9,0.91,29460
Tropico 4,https://store.steampowered.com/app/57690/Tropico_4/?snr=1_7_7_240_150_6,Haemimont Games,Haemimont Games,"City Builder,Simulation,Strategy,Management,Comedy,Sandbox,Singleplayer,Great Soundtrack,Economy,Real-Time with Pause,Politics,Building,Resource Management,Political,Funny,Cold War,RTS,Atmospheric,God Game,Capitalism","music, win",,"1 Sep, 2011",4 800₴,9,0.91,7642
Halo Wars: Definitive Edition,https://store.steampowered.com/app/459220/Halo_Wars_Definitive_Edition/?snr=1_7_7_240_150_1,"Ensemble Studios, Behaviour Interactive, 343 Industries","Ensemble Studios, Behaviour Interactive, 343 Industries","Strategy,RTS,Base Building,Multiplayer,Sci-fi,Singleplayer,War,Action,Military,Co-op,Great Soundtrack,Simulation,Aliens,Tactical,Classic,Sandbox,Online Co-Op,Story Rich,Shooter,Atmospheric",win,,"20 Apr, 2017",505₴,9,0.91,6241
Colony Survival,https://store.steampowered.com/app/366090/Colony_Survival/?snr=1_7_7_240_150_2,Pipliz,Pipliz,"Colony Sim,Survival,Base Building,Building,Multiplayer,Strategy,Sandbox,Open World,Early Access,Adventure,City Builder,Crafting,Zombies,Management,Co-op,Action,Indie,Singleplayer,Voxel,RTS","linux, mac, win",Voxel,"16 Jun, 2017",415₴,9,0.91,6143
Element TD 2 - Tower Defense,https://store.steampowered.com/app/1018830/Element_TD_2__Tower_Defense/?snr=1_7_7_240_150_2,Element Studios,Element Studios,"Tower Defense,Strategy,Real Time Tactics,Multiplayer,Co-op,Replay Value,PvE,PvP,Competitive,RTS,Character Customization,Team-Based,Singleplayer,Fantasy,Magic,Tactical,Score Attack,Building,Online Co-Op,3D",win,3D,"2 Apr, 2021",44₴,9,0.91,2037
Crusader Kings II,https://store.steampowered.com/app/203770/Crusader_Kings_II/?snr=1_7_7_240_150_1,Paradox Development Studio,Paradox Development Studio,"Grand Strategy,Strategy,Medieval,Historical,Political Sim,Simulation,RPG,Sandbox,Multiplayer,Politics,Diplomacy,Singleplayer,Replay Value,Real-Time with Pause,Moddable,Political,Free to Play,Character Customization,RTS,Great Soundtrack","linux, mac, win",,"14 Feb, 2012",670₴,9,0.9,69105
Age of Empires® III (2007),https://store.steampowered.com/app/105450/Age_of_Empires_III_2007/?snr=1_7_7_240_150_2,Ensemble Studios,Ensemble Studios,"Strategy,RTS,Base Building,Multiplayer,Historical,Resource Management,City Builder,War,Simulation,Real-Time,Singleplayer,Military,Classic,Building,Open World,Co-op,Action,Online Co-Op,Real-Time with Pause,Adventure",win,,"15 Sep, 2009",568₴,9,0.9,26556
Command & Conquer™ Remastered Collection,https://store.steampowered.com/app/1213210/Command__Conquer_Remastered_Collection/?snr=1_7_7_240_150_1,"Petroglyph, Lemon Sky Studios","Petroglyph, Lemon Sky Studios","Strategy,RTS,Base Building,Classic,Multiplayer,Great Soundtrack,War,Singleplayer,1990's,FMV,Remake,Level Editor,PvP,Replay Value,Tanks,Soundtrack,Cinematic,Isometric,Real Time Tactics,Retro",win,"FMV,Cinematic,Isometric","5 Jun, 2020",699₴,9,0.9,25036
Total War: NAPOLEON – Definitive Edition,https://store.steampowered.com/app/34030/Total_War_NAPOLEON__Definitive_Edition/?snr=1_7_7_240_150_1,"CREATIVE ASSEMBLY, Feral Interactive (Mac)","CREATIVE ASSEMBLY, Feral Interactive (Mac)","Strategy,Historical,Grand Strategy,War,Turn-Based Strategy,RTS,Multiplayer,Tactical,Military,Singleplayer,Real Time Tactics,Turn-Based,Action,Turn-Based Tactics,Simulation,Co-op,Naval,Great Soundtrack,Moddable,Classic","mac, win",,"25 Feb, 2010",399₴,9,0.9,12999
From the Depths,https://store.steampowered.com/app/268650/From_the_Depths/?snr=1_7_7_240_150_2,Brilliant Skies Ltd.,Brilliant Skies Ltd.,"Naval Combat,Building,Sandbox,Physics,Vehicular Combat,RTS,Crafting,Gun Customization,Voxel,Strategy,Survival,Multiplayer,Co-op Campaign,Tutorial,War,Military,Artificial Intelligence,Simulation,Naval,Space","linux, mac, win",Voxel,"6 Nov, 2020",329₴,9,0.9,8501
Command & Conquer 3: Tiberium Wars,https://store.steampowered.com/app/24790/Command__Conquer_3_Tiberium_Wars/?snr=1_7_7_240_150_1,EA Los Angeles,EA Los Angeles,"Strategy,RTS,Base Building,Sci-fi,Multiplayer,Singleplayer,Action,FMV,Classic,Atmospheric,Post-apocalyptic,Story Rich,War,Futuristic,Great Soundtrack,Action RTS,Cult Classic",win,FMV,"28 Mar, 2007",499₴,9,0.9,5956
Clanfolk,https://store.steampowered.com/app/1700870/Clanfolk/?snr=1_7_7_240_150_1,MinMax Games Ltd.,MinMax Games Ltd.,"City Builder,Strategy,RTS,Medieval,Historical,Base Building,Resource Management,Management,Isometric,Open World,Real-Time,Tactical,Replay Value,Singleplayer,2D,Adventure,Action,PvE,War,Early Access",win,"Isometric,2D","14 Jul, 2022",239₴,9,0.9,1627
Darkest Hour: A Hearts of Iron Game,https://store.steampowered.com/app/73170/Darkest_Hour_A_Hearts_of_Iron_Game/?snr=1_7_7_240_150_4,Martin Ivanov,Martin Ivanov,"Strategy,Grand Strategy,World War II,Historical,World War I,Simulation,Wargame,Military,RTS,Cold War,War,Moddable,Multiplayer,Sandbox",win,,"8 Apr, 2011",169₴,9,0.9,1537
"Warhammer® 40,000: Dawn of War® – Winter Assault",https://store.steampowered.com/app/9310/Warhammer_40000_Dawn_of_War__Winter_Assault/?snr=1_7_7_240_150_2,Relic Entertainment,Relic Entertainment,"Strategy,Warhammer 40K,RTS,Games Workshop,Base Building,Sci-fi,Multiplayer,Singleplayer,Real-Time,Tactical,Futuristic,War,Action,Classic",win,,"1 Jan, 2006",209₴,9,0.9,1352
Circle Empires Rivals,https://store.steampowered.com/app/1100260/Circle_Empires_Rivals/?snr=1_7_7_240_150_3,Luminous,Luminous,"Tactical,Multiplayer,Online Co-Op,Top-Down,Fantasy,Strategy,Fast-Paced,Economy,Dragons,Competitive,PvP,PvE,Action,Team-Based,Resource Management,Casual,Colorful,RTS,Cute,Base Building","music, win","Top-Down,Colorful,Cute","15 Apr, 2020",711₴,9,0.9,1188
Warzone 2100,https://store.steampowered.com/app/1241950/Warzone_2100/?snr=1_7_7_240_150_7,"Pumpkin Studios, Underdone Gaming, Warzone 2100 Project","Pumpkin Studios, Underdone Gaming, Warzone 2100 Project","Strategy,Free to Play,RTS,Base Building,War,Real Time Tactics,Classic,Futuristic,Multiplayer,Singleplayer,Sci-fi,Post-apocalyptic,1990's",win,,"10 Apr, 1999",Free,9,0.9,1186
Blitzkrieg Anthology,https://store.steampowered.com/app/313480/Blitzkrieg_Anthology/?snr=1_7_7_240_150_3,Nival,Nival,"Strategy,World War II,RTS,War,Military,Singleplayer,Historical,Real Time Tactics,Classic,Tanks,Tactical,Realistic,Difficult,Atmospheric,Great Soundtrack,Multiplayer,Dynamic Narration",win,Realistic,"28 Mar, 2003",403₴,9,0.9,1100
Unholy Heights,https://store.steampowered.com/app/249330/Unholy_Heights/?snr=1_7_7_240_150_4,Petit Depotto,Petit Depotto,"Immersive Sim,Creature Collector,Tower Defense,City Builder,Auto Battler,Management,Building,Real-Time,RTS,Strategy,2D,Cute,Dark Humor,Funny,Casual,Simulation,Hand-drawn,Cartoony,Zombies,Lovecraftian","music, win","2D,Cute,Hand-drawn,Cartoony","16 Aug, 2013",5 255₴,9,0.9,1018
Banished,https://store.steampowered.com/app/242920/Banished/?snr=1_7_7_240_150_2,Shining Rock Software LLC,Shining Rock Software LLC,"City Builder,Colony Sim,Strategy,Simulation,Survival,Indie,Singleplayer,Sandbox,Medieval,Relaxing,Resource Management,Economy,Building,Management,Open World,Difficult,Beautiful,Procedural Generation,Historical,RTS",win,,"18 Feb, 2014",279₴,9,0.89,34667
Total War: EMPIRE – Definitive Edition,https://store.steampowered.com/app/10500/Total_War_EMPIRE__Definitive_Edition/?snr=1_7_7_240_150_1,"CREATIVE ASSEMBLY, Feral Interactive (Mac), Feral Interactive (Linux)","CREATIVE ASSEMBLY, Feral Interactive (Mac), Feral Interactive (Linux)","Strategy,Historical,Military,Grand Strategy,Turn-Based Strategy,War,Tactical,RTS,Multiplayer,Singleplayer,Turn-Based,Naval,America,Real Time Tactics,Great Soundtrack,Action,Turn-Based Tactics,Atmospheric,Classic,Adventure","linux, mac, win",,"4 Mar, 2009",399₴,9,0.89,16386
Wargame: Red Dragon,https://store.steampowered.com/app/251060/Wargame_Red_Dragon/?snr=1_7_7_240_150_1,Eugen Systems,Eugen Systems,"Strategy,RTS,Military,Realistic,Wargame,Cold War,Tactical,Multiplayer,Real Time Tactics,War,Simulation,Naval,Alternate History,Singleplayer,Real-Time,Action,Co-op,Difficult,Epic,Adventure","linux, mac, win",Realistic,"17 Apr, 2014",2 063₴,9,0.89,13509
Going Medieval,https://store.steampowered.com/app/1029780/Going_Medieval/?snr=1_7_7_240_150_1,Foxy Voxel,Foxy Voxel,"Early Access,City Builder,Medieval,Colony Sim,Strategy,Simulation,Building,Survival,Base Building,Management,Crafting,Sandbox,RPG,Open World,Resource Management,RTS,Singleplayer,3D,Procedural Generation,Stylized","music, win","3D,Stylized","1 Jun, 2021",926₴,9,0.89,11606
Ultimate General: Civil War,https://store.steampowered.com/app/502520/Ultimate_General_Civil_War/?snr=1_7_7_240_150_2,Game-Labs,Game-Labs,"Strategy,War,Historical,RTS,Simulation,Tactical,Military,Wargame,America,Singleplayer,Indie,Real Time Tactics,Grand Strategy,Realistic,Tabletop,Atmospheric,Turn-Based Strategy,Strategy RPG,Early Access,Board Game","mac, win",Realistic,"14 Jul, 2017",1 080₴,9,0.89,6714
The Wandering Village,https://store.steampowered.com/app/1121640/The_Wandering_Village/?snr=1_7_7_240_150_1,Stray Fawn Studio,Stray Fawn Studio,"Early Access,Sandbox,Procedural Generation,Nature,City Builder,RTS,Strategy,Base Building,Cute,Survival,Relaxing,Post-apocalyptic,Roguelike,Singleplayer,Resource Management,Economy,Real-Time with Pause,Family Friendly,Emotional,Management","music, linux, mac, win",Cute,"14 Sep, 2022",759₴,9,0.89,3127
Circle Empires,https://store.steampowered.com/app/834740/Circle_Empires/?snr=1_7_7_240_150_3,Luminous,Luminous,"Strategy,Indie,Casual,RTS,Fantasy,Real-Time,Singleplayer,Multiplayer,2D","music, linux, mac, win",2D,"8 Aug, 2018",711₴,9,0.89,3030
Commandos: Behind Enemy Lines,https://store.steampowered.com/app/6800/Commandos_Behind_Enemy_Lines/?snr=1_7_7_240_150_2,Pyro Studios,Pyro Studios,"Strategy,Stealth,Tactical,World War II,Action,Classic,RTS,Difficult,Real Time Tactics,Isometric,Military,1990's,Singleplayer,Co-op,War,Historical,Retro",win,Isometric,"28 Aug, 1998",110₴,9,0.89,2777
Men of War™,https://store.steampowered.com/app/7830/Men_of_War/?snr=1_7_7_240_150_3,"Best Way, Digitalmindsoft","Best Way, Digitalmindsoft","Strategy,World War II,RTS,Tactical,Multiplayer,Military,Real Time Tactics,Realistic,War,Co-op,Action,Singleplayer,Moddable,Simulation,Historical,Level Editor,Mod,Shooter,Real-Time,Sandbox",win,Realistic,"6 May, 2009",2 620₴,9,0.89,2631
Bio Inc. Redemption,https://store.steampowered.com/app/612470/Bio_Inc_Redemption/?snr=1_7_7_240_150_4,DryGin Studios,DryGin Studios,"Medical Sim,Simulation,Strategy,Indie,Gore,Singleplayer,Difficult,Multiplayer,Outbreak Sim,Atmospheric,Post-apocalyptic,Sandbox,Early Access,RTS,Zombies,Education,Nudity",win,,"8 Mar, 2018",209₴,9,0.89,1635
Screeps: World,https://store.steampowered.com/app/464350/Screeps_World/?snr=1_7_7_240_150_2,"Screeps, LLC","Screeps, LLC","Programming,Strategy,Massively Multiplayer,Open World,Sandbox,Logic,Base Building,RTS,Minimalist,Difficult,Economy,Indie,Hacking,Colony Sim,Idler,Simulation,Artificial Intelligence,Asynchronous Multiplayer,Building,Management","linux, mac, win",Minimalist,"16 Nov, 2016",249₴,9,0.89,1547
Spellsworn,https://store.steampowered.com/app/360620/Spellsworn/?snr=1_7_7_240_150_8,Frogsong Studios,Frogsong Studios,"Magic,Free to Play,Action,Multiplayer,Indie,Early Access,Dark Fantasy,Strategy,Online Co-Op,Fantasy,MOBA,RPG,PvP,Co-op,Action RPG,Battle Royale,eSports,RTS,Action RTS,3D","linux, win",3D,"13 Mar, 2018",Free To Play,9,0.89,1350
Grim Nights,https://store.steampowered.com/app/947300/Grim_Nights/?snr=1_7_7_240_150_4,Edym Pixels,Edym Pixels,"Strategy,Tower Defense,Survival,Base Building,2D,Side Scroller,RTS,Zombies,Management,Building,Singleplayer,Difficult,Fantasy,Pixel Graphics,Medieval,Tactical,Retro",win,"2D,Pixel Graphics","12 Oct, 2018",74₴,9,0.89,1263
CastleStorm,https://store.steampowered.com/app/241410/CastleStorm/?snr=1_7_7_240_150_8,Zen Studios,Zen Studios,"Indie,Funny,Destruction,Action,Tower Defense,Strategy,Fantasy,Casual,Co-op,Singleplayer,Local Multiplayer,Medieval,Comedy,2D,Local Co-Op,Multiplayer,Split Screen,Physics,Arcade,RTS",win,"2D,Split Screen","29 Jul, 2013",169₴,9,0.89,1157
Northgard,https://store.steampowered.com/app/466560/Northgard/?snr=1_7_7_240_150_1,Shiro Games,Shiro Games,"Strategy,City Builder,Simulation,RTS,Base Building,Building,Colony Sim,4X,Tactical,Economy,Management,War,Moddable,PvP,PvE,Singleplayer,Multiplayer,Co-op,Vikings,Resource Management","music, linux, mac, win",,"7 Mar, 2018",113₴,9,0.88,41960
Homeworld Remastered Collection,https://store.steampowered.com/app/244160/Homeworld_Remastered_Collection/?snr=1_7_7_240_150_2,"Gearbox Software, Aspyr (Mac)","Gearbox Software, Aspyr (Mac)","Space,Strategy,RTS,Sci-fi,Classic,Great Soundtrack,Story Rich,Multiplayer,Atmospheric,Remake,Simulation,Tactical,Singleplayer,Moddable,Epic,Action,Adventure,4X,Female Protagonist,Futuristic","mac, win",,"25 Feb, 2015",921₴,9,0.88,9903
Starship Troopers: Terran Command,https://store.steampowered.com/app/1202130/Starship_Troopers_Terran_Command/?snr=1_7_7_240_150_1,The Artistocrats,The Artistocrats,"Strategy,RTS,Singleplayer,Military,Tactical,War,Sci-fi,Resource Management,Real-Time,Wargame,Base Building,Replay Value,Great Soundtrack,Artificial Intelligence,Aliens,Tower Defense,Multiplayer,Gore,Villain Protagonist,City Builder",win,,"16 Jun, 2022",379₴,9,0.88,6146
112 Operator,https://store.steampowered.com/app/793460/112_Operator/?snr=1_7_7_240_150_2,Jutsu Games,Jutsu Games,"Simulation,Realistic,Casual,Moddable,Time Management,Modern,Singleplayer,Management,Strategy,Education,Minimalist,Immersive Sim,Medical Sim,Open World,Procedural Generation,RTS,Sandbox,2D,Real Time Tactics,Heist","music, mac, win","Realistic,Minimalist,2D","23 Apr, 2020",778₴,9,0.88,3772
Men of War: Assault Squad,https://store.steampowered.com/app/64000/Men_of_War_Assault_Squad/?snr=1_7_7_240_150_3,Digitalmindsoft,Digitalmindsoft,"Strategy,World War II,Tactical,War,RTS,Multiplayer,Military,Realistic,Real Time Tactics,Action,Co-op,Historical,Simulation,Moddable,Tanks,Destruction,Singleplayer,Level Editor,Epic,Sandbox",win,Realistic,"24 Feb, 2011",2 620₴,9,0.88,3431
Overlord II,https://store.steampowered.com/app/12810/Overlord_II/?snr=1_7_7_240_150_4,Triumph Studios,Triumph Studios,"RPG,Villain Protagonist,Fantasy,Singleplayer,Dark Fantasy,Funny,Comedy,Third Person,Action,Magic,Adventure,Strategy,Dark Humor,Action RPG,Open World,Action-Adventure,Puzzle,Multiplayer,Atmospheric,RTS",win,Third Person,"23 Jun, 2009",484₴,9,0.88,3236
Ultimate Epic Battle Simulator 2,https://store.steampowered.com/app/1468720/Ultimate_Epic_Battle_Simulator_2/?snr=1_7_7_240_150_1,Brilliant Game Studios,Brilliant Game Studios,"Early Access,Simulation,Action,Strategy,Sandbox,God Game,RTS,Grand Strategy,Wargame,Choose Your Own Adventure,Real Time Tactics,Exploration,3D,Hack and Slash,Cinematic,Colorful,First-Person,Realistic,Third Person,Top-Down",win,"3D,Cinematic,Colorful,First-Person,Realistic,Third Person,Top-Down","12 May, 2022",279₴,9,0.88,3197
Warpips,https://store.steampowered.com/app/1291010/Warpips/?snr=1_7_7_240_150_2,Skirmish Mode Games,Skirmish Mode Games,"Strategy,Tower Defense,RTS,War,Resource Management,Tactical,Auto Battler,Singleplayer,Indie,Pixel Graphics,2.5D,Base Building,Combat,Early Access,Wargame,Action,Vehicular Combat,Stylized,Real Time Tactics,3D",win,"Pixel Graphics,2.5D,Stylized,3D","21 Apr, 2022",346₴,9,0.88,2957
Battle Realms: Zen Edition,https://store.steampowered.com/app/1025600/Battle_Realms_Zen_Edition/?snr=1_7_7_240_150_2,Ed Del Castillo,Ed Del Castillo,"Strategy,Action,RTS,Early Access,Classic,Fantasy,Multiplayer,Fast-Paced",win,,"3 Dec, 2019",169₴,9,0.88,2473
Cossacks: Back to War,https://store.steampowered.com/app/4850/Cossacks_Back_to_War/?snr=1_7_7_240_150_2,GSC Game World,GSC Game World,"Strategy,Classic,RTS,Multiplayer,Historical,War,Singleplayer,Nostalgia",win,,"1 Nov, 2002",1 188₴,9,0.88,2038
Supreme Commander,https://store.steampowered.com/app/9350/Supreme_Commander/?snr=1_7_7_240_150_2,Gas Powered Games,Gas Powered Games,"Strategy,RTS,Sci-fi,Multiplayer,Real-Time,Base Building,Co-op,Real-Time with Pause,Singleplayer,Robots,Action,Classic,Space,Great Soundtrack",win,,"20 Feb, 2007",507₴,9,0.88,1782
"Warhammer® 40,000: Dawn of War® II Chaos Rising",https://store.steampowered.com/app/20570/Warhammer_40000_Dawn_of_War_II_Chaos_Rising/?snr=1_7_7_240_150_3,"Relic Entertainment, Feral Interactive (Mac/Linux)","Relic Entertainment, Feral Interactive (Mac/Linux)","Strategy,Warhammer 40K,RTS,Sci-fi,Multiplayer,Games Workshop,Tactical,Co-op,Real-Time,RPG,Singleplayer,Action,Great Soundtrack,Gore,Real Time Tactics,Futuristic,Atmospheric","linux, mac, win",,"11 Mar, 2010",279₴,9,0.88,1580
SpellForce 3: Fallen God,https://store.steampowered.com/app/1154040/SpellForce_3_Fallen_God/?snr=1_7_7_240_150_1,Grimlore Games,Grimlore Games,"RPG,Strategy,RTS,City Builder,Strategy RPG,Fantasy,Co-op,Magic,PvP,Atmospheric,Spectacle fighter,Online Co-Op,Multiplayer,Singleplayer,Gore","music, win",,"3 Nov, 2020",81₴,9,0.88,1017
Supreme Commander 2,https://store.steampowered.com/app/40100/Supreme_Commander_2/?snr=1_7_7_240_150_2,Gas Powered Games,Gas Powered Games,"Strategy,RTS,Sci-fi,Multiplayer,Base Building,Robots,Co-op,Singleplayer,Grand Strategy,Real-Time,Action,Military,War,Tactical,Futuristic,Classic,Sandbox,Mechs,Great Soundtrack,Space",win,,"1 Mar, 2010",507₴,9,0.87,7136
"Warhammer 40,000: Dawn of War II",https://store.steampowered.com/app/15620/Warhammer_40000_Dawn_of_War_II/?snr=1_7_7_240_150_2,"Relic Entertainment, Feral Interactive (Mac/Linux)","Relic Entertainment, Feral Interactive (Mac/Linux)","Warhammer 40K,Strategy,RTS,Sci-fi,Multiplayer,Games Workshop,Tactical,Singleplayer,Co-op,Futuristic,Gore,Online Co-Op,RPG,Co-op Campaign,Real-Time,Action,Fantasy,Great Soundtrack,Atmospheric,Story Rich","linux, mac, win",,"18 Feb, 2009",1 033₴,9,0.87,5799
Wargame: Airland Battle,https://store.steampowered.com/app/222750/Wargame_Airland_Battle/?snr=1_7_7_240_150_2,Eugen Systems,Eugen Systems,"Strategy,RTS,Military,Cold War,Wargame,Real Time Tactics,Tactical,Real-Time,Simulation,Multiplayer,War,Realistic,Singleplayer,Difficult,Action,Co-op,Alternate History,America,Indie,Historical","linux, win",Realistic,"29 May, 2013",2 063₴,9,0.87,3437
Command & Conquer: Red Alert 3 - Uprising,https://store.steampowered.com/app/24800/Command__Conquer_Red_Alert_3__Uprising/?snr=1_7_7_240_150_2,EA Los Angeles,EA Los Angeles,"Strategy,RTS,Base Building,Singleplayer,Multiplayer,War,Sci-fi,Action,Alternate History,FMV,Co-op,Military,Classic,Great Soundtrack",win,FMV,"12 Mar, 2009",699₴,9,0.87,3054
Istrolid,https://store.steampowered.com/app/449140/Istrolid/?snr=1_7_7_240_150_6,treeform,treeform,"Free to Play,Strategy,Building,Space,Multiplayer,Indie,RTS,Sandbox,Sci-fi,2D,Singleplayer,Pixel Graphics,Crafting,Co-op,Action","linux, mac, win","2D,Pixel Graphics","6 May, 2016",Free,9,0.87,2602
Mashinky,https://store.steampowered.com/app/598960/Mashinky/?snr=1_7_7_240_150_3,Jan Zelený,Jan Zelený,"Early Access,Strategy,Simulation,Trains,Management,Sandbox,Economy,Transportation,Procedural Generation,Difficult,RTS,Open World,2D,3D,Isometric,Historical,Realistic,Level Editor,Moddable,Resource Management",win,"2D,3D,Isometric,Realistic","6 Oct, 2018",329₴,9,0.87,2002
Regiments,https://store.steampowered.com/app/1109680/Regiments/?snr=1_7_7_240_150_1,Bird's Eye Games,Bird's Eye Games,"Strategy,Real Time Tactics,Wargame,Cold War,Combat,Realistic,RTS,Tactical,Alternate History,War,Singleplayer,1980s,Modern,Tanks,Military,Simulation,Indie,3D,Choices Matter,Multiplayer",win,"Realistic,3D","16 Aug, 2022",379₴,9,0.87,1665
Desperados: Wanted Dead or Alive,https://store.steampowered.com/app/260730/Desperados_Wanted_Dead_or_Alive/?snr=1_7_7_240_150_6,Spellbound,Spellbound,"Strategy,Western,Tactical,Action,Isometric,Stealth,Singleplayer,Real Time Tactics,Classic,Atmospheric,Real-Time,RTS,Difficult","music, linux, mac, win",Isometric,"23 Jul, 2001",1 180₴,9,0.87,1641
Fly Corp,https://store.steampowered.com/app/1372530/Fly_Corp/?snr=1_7_7_240_150_2,KishMish Games,KishMish Games,"Early Access,Casual,Transportation,Time Management,Strategy,Management,Minimalist,Jet,Simulation,Puzzle,Building,Logic,Sandbox,2D,Cute,Family Friendly,RTS,Abstract,Colorful,Experimental",win,"Minimalist,2D,Cute,Abstract,Colorful","28 May, 2021",381₴,9,0.87,1408
Age of Empires IV: Anniversary Edition,https://store.steampowered.com/app/1466860/Age_of_Empires_IV_Anniversary_Edition/?snr=1_7_7_240_150_1,"Relic Entertainment, World's Edge","Relic Entertainment, World's Edge","Strategy,RTS,Multiplayer,War,Medieval,Singleplayer,Base Building,Resource Management,Historical,City Builder,Action RTS,PvP,PvE,3D,Co-op,Isometric,Open World,Management,Online Co-Op,Mature",win,"3D,Isometric","28 Oct, 2021",2 670₴,9,0.86,37567
War Selection,https://store.steampowered.com/app/1022450/War_Selection/?snr=1_7_7_240_150_2,Glyph Worlds,Glyph Worlds,"Strategy,Base Building,Free to Play,RTS,Multiplayer,Military,Massively Multiplayer,War,Online Co-Op,PvP,Singleplayer,Survival,Historical,Co-op,Management,Indie,PvE,Early Access,Atmospheric,Replay Value","linux, win",,"8 Oct, 2019",Free To Play,9,0.86,17441
Dawn of Man,https://store.steampowered.com/app/858810/Dawn_of_Man/?snr=1_7_7_240_150_1,Madruga Works,Madruga Works,"City Builder,Colony Sim,Strategy,Survival,Simulation,Historical,Sandbox,Singleplayer,Economy,Open World,Indie,Choices Matter,RTS,Story Rich,Destruction,Multiplayer,Nudity,Resource Management,Management,Political","mac, win",,"1 Mar, 2019",502₴,9,0.86,14400
Foundation,https://store.steampowered.com/app/690830/Foundation/?snr=1_7_7_240_150_1,Polymorph Games,Polymorph Games,"City Builder,Strategy,Simulation,Medieval,Management,Building,Economy,Indie,Resource Management,Early Access,Singleplayer,Sandbox,Base Building,Colony Sim,Open World,Survival,RTS,Choices Matter,Atmospheric,Co-op","music, win",,"1 Feb, 2019",688₴,9,0.86,12315
War for the Overworld,https://store.steampowered.com/app/230190/War_for_the_Overworld/?snr=1_7_7_240_150_1,Brightrock Games,Brightrock Games,"Strategy,God Game,Base Building,Villain Protagonist,RTS,Management,Fantasy,Underground,Dark Comedy,Singleplayer,Building,Multiplayer,Dungeon Crawler,Funny,Indie,Level Editor,Demons,Old School,Comedy,Sandbox","linux, mac, win",,"2 Apr, 2015",75₴,9,0.86,5720
Breakout 13,https://store.steampowered.com/app/2095300/Breakout_13/?snr=1_7_7_240_150_1,ALT Lab,ALT Lab,"Exploration,Choose Your Own Adventure,Immersive Sim,Interactive Fiction,Lore-Rich,FMV,Puzzle,Choices Matter,Story Rich,Multiple Endings,Strategy RPG,RPG,Psychological Horror,Horror,Realistic,Detective,Cinematic,RTS,Point & Click,Casual","linux, mac, win","FMV,Realistic,Cinematic","8 Jan, 2023",404₴,9,0.86,4606
Syrian Warfare,https://store.steampowered.com/app/485980/Syrian_Warfare/?snr=1_7_7_240_150_2,Cats Who Play,Cats Who Play,"Real Time Tactics,RTS,Realistic,Military,Atmospheric,Wargame,Historical,Modern,Strategy,Tactical,War,Singleplayer,Indie,Real-Time,Memes,Moddable,Level Editor,Physics,Multiplayer,Simulation",win,Realistic,"21 Feb, 2017",369₴,9,0.86,4004
DEFCON,https://store.steampowered.com/app/1520/DEFCON/?snr=1_7_7_240_150_3,Introversion Software,Introversion Software,"Strategy,Indie,Wargame,Cold War,Multiplayer,Psychological Horror,Simulation,Atmospheric,Real-Time with Pause,RTS,War,Diplomacy,2D,Tactical,Great Soundtrack,Horror,Singleplayer,Dark,Military,Addictive","music, linux, mac, win",2D,"29 Sep, 2006",522₴,9,0.86,2901
Crying Suns,https://store.steampowered.com/app/873940/Crying_Suns/?snr=1_7_7_240_150_3,Alt Shift,Alt Shift,"Strategy,Space,Indie,Roguelite,Pixel Graphics,Sci-fi,Post-apocalyptic,Tactical,Real-Time with Pause,Roguelike,Story Rich,2D,Singleplayer,Procedural Generation,RTS,Perma Death,Real Time Tactics,Hex Grid,Resource Management,Dark","music, mac, win","Pixel Graphics,2D","18 Sep, 2019",428₴,9,0.86,2529
Knights and Merchants,https://store.steampowered.com/app/253900/Knights_and_Merchants/?snr=1_7_7_240_150_3,Topware Interactive,Topware Interactive,"Strategy,Colony Sim,Medieval,City Builder,RTS,Simulation,Classic,Singleplayer,Historical,Multiplayer,Old School,Resource Management,Cult Classic,Great Soundtrack,Management,Difficult,2D,Economy,Nostalgia,Action","linux, mac, win",2D,"14 Oct, 2013",269₴,9,0.86,2299
SpellForce - Platinum Edition,https://store.steampowered.com/app/39540/SpellForce__Platinum_Edition/?snr=1_7_7_240_150_2,Phenomic,Phenomic,"RPG,Strategy,Fantasy,Action,RTS,Singleplayer,Story Rich,Great Soundtrack,Classic,Adventure,Multiplayer","music, win",,"3 Nov, 2009",33₴,9,0.86,1801
Stronghold Legends: Steam Edition,https://store.steampowered.com/app/40980/Stronghold_Legends_Steam_Edition/?snr=1_7_7_240_150_2,FireFly Studios,FireFly Studios,"Real Time Tactics,City Builder,Colony Sim,Sandbox,Building,Economy,Management,Medieval,War,Military,Base Building,Real-Time,RTS,Strategy,Isometric,Historical,Open World,Simulation,Resource Management,Fantasy",win,Isometric,"27 Oct, 2009",229₴,9,0.86,1586
Total War™: ROME II - Emperor Edition,https://store.steampowered.com/app/214950/Total_War_ROME_II__Emperor_Edition/?snr=1_7_7_240_150_1,CREATIVE ASSEMBLY,CREATIVE ASSEMBLY,"Strategy,Historical,Turn-Based Strategy,Grand Strategy,Rome,Tactical,Multiplayer,War,Real Time Tactics,RTS,Turn-Based,Singleplayer,Online Co-Op,Turn-Based Tactics,Simulation,Co-op,Moddable,Action,Atmospheric,Education",win,,"2 Sep, 2013",949₴,9,0.85,43131
They Are Billions,https://store.steampowered.com/app/644930/They_Are_Billions/?snr=1_7_7_240_150_1,Numantian Games,Numantian Games,"Base Building,Colony Sim,Strategy,Zombies,Survival,RTS,Tower Defense,City Builder,Steampunk,Building,Post-apocalyptic,Singleplayer,Resource Management,Real-Time with Pause,Difficult,Tactical,Management,Early Access,Indie,Isometric",win,Isometric,"18 Jun, 2019",379₴,9,0.85,38101
Surviving Mars,https://store.steampowered.com/app/464920/Surviving_Mars/?snr=1_7_7_240_150_1,"Haemimont Games, Abstraction","Haemimont Games, Abstraction","Colony Sim,City Builder,Strategy,Survival,Space,Base Building,Mars,Simulation,Sci-fi,Resource Management,Singleplayer,Building,Management,Sandbox,Space Sim,Futuristic,RTS,Open World,Great Soundtrack,Moddable","linux, mac, win",,"15 Mar, 2018",1 895₴,9,0.85,14296
Farthest Frontier,https://store.steampowered.com/app/1044720/Farthest_Frontier/?snr=1_7_7_240_150_1,Crate Entertainment,Crate Entertainment,"Early Access,City Builder,Survival,Colony Sim,Strategy,Building,Military,Simulation,Singleplayer,Sandbox,Resource Management,Management,RTS,Realistic,Old School,Open World Survival Craft,Immersive Sim,3D,Alternate History,4X",win,"Realistic,3D","9 Aug, 2022",1 313₴,9,0.85,11839
Command & Conquer: Red Alert 3,https://store.steampowered.com/app/17480/Command__Conquer_Red_Alert_3/?snr=1_7_7_240_150_1,EA Los Angeles,EA Los Angeles,"Strategy,RTS,Base Building,Multiplayer,Co-op,Alternate History,Singleplayer,Sci-fi,Real-Time,Co-op Campaign,War,Online Co-Op,Action,Classic,Great Soundtrack,Comedy,FMV,Atmospheric,Story Rich,Nudity",win,FMV,"28 Oct, 2008",699₴,9,0.85,10834
Planetary Annihilation: TITANS,https://store.steampowered.com/app/386070/Planetary_Annihilation_TITANS/?snr=1_7_7_240_150_1,Planetary Annihilation Inc,Planetary Annihilation Inc,"RTS,Strategy,Real Time Tactics,Multiplayer,Singleplayer,Base Building,Co-op,Building,PvP,Sci-fi,Robots,War,Online Co-Op,Space,Grand Strategy,Mechs,Destruction,Indie,Futuristic,Simulation","linux, mac, win",,"18 Aug, 2015",59₴,9,0.85,10048
Natural Selection 2,https://store.steampowered.com/app/4920/Natural_Selection_2/?snr=1_7_7_240_150_2,Unknown Worlds Entertainment,Unknown Worlds Entertainment,"Multiplayer,Strategy,FPS,Team-Based,Action,Sci-fi,RTS,Aliens,Indie,Competitive,Shooter,Co-op,Tactical,Moddable,First-Person,Space,Futuristic,Atmospheric,Online Co-Op,Adventure",win,First-Person,"30 Oct, 2012",124₴,9,0.85,8154
Diplomacy is Not an Option,https://store.steampowered.com/app/1272320/Diplomacy_is_Not_an_Option/?snr=1_7_7_240_150_2,Door 407,Door 407,"City Builder,Tower Defense,Strategy,Sandbox,Building,Base Building,Survival,RTS,Procedural Generation,Medieval,Colorful,Singleplayer,Stylized,Combat,3D,Early Access,Action RTS,Indie,War,Physics",win,"Colorful,Stylized,3D","9 Feb, 2022",329₴,9,0.85,3945
Warstone TD,https://store.steampowered.com/app/562500/Warstone_TD/?snr=1_7_7_240_150_2,Battlecruiser Games,Battlecruiser Games,"Tower Defense,Strategy,Indie,Co-op,Fantasy,Multiplayer,Story Rich,Great Soundtrack,RTS,PvP,Early Access,Casual","linux, mac, win",,"23 May, 2018",43₴,9,0.85,2197
DG2: Defense Grid 2,https://store.steampowered.com/app/221540/DG2_Defense_Grid_2/?snr=1_7_7_240_150_9,Hidden Path Entertainment,Hidden Path Entertainment,"Strategy,Tower Defense,Indie,Sci-fi,Co-op,Space,Multiplayer,Singleplayer,Adventure,Kickstarter,Local Co-Op,RTS,Aliens",win,,"23 Sep, 2014",119₴,9,0.85,2175
SpellForce 3: Soul Harvest,https://store.steampowered.com/app/817540/SpellForce_3_Soul_Harvest/?snr=1_7_7_240_150_1,Grimlore Games,Grimlore Games,"RPG,Strategy,RTS,Multiplayer,Fantasy,Singleplayer,Base Building,Gore,Story Rich,Party-Based RPG,Atmospheric,Great Soundtrack,Isometric,Online Co-Op","music, win",Isometric,"28 May, 2019",81₴,9,0.85,1760
Dwarfs - F2P,https://store.steampowered.com/app/213650/Dwarfs__F2P/?snr=1_7_7_240_150_11,Power of 2,Power of 2,"Free to Play,Strategy,Casual,Indie,Singleplayer,Arcade,Mining,2D,Sandbox,RTS,Multiplayer,Top-Down,Funny","linux, mac, win","2D,Top-Down","18 Oct, 2012",Free to Play,9,0.85,1655
Europa Universalis III Complete,https://store.steampowered.com/app/25800/Europa_Universalis_III_Complete/?snr=1_7_7_240_150_7,Paradox Development Studio,Paradox Development Studio,"Grand Strategy,Strategy,Historical,Political Sim,Real-Time with Pause,Political,Sandbox,Simulation,Singleplayer,Multiplayer,Addictive,RTS,Co-op,War,Alternate History,Logic,Medieval,Great Soundtrack,Moddable,4X","mac, win",,"23 Jan, 2007",887₴,9,0.85,1291
First Strike: Classic,https://store.steampowered.com/app/587000/First_Strike_Classic/?snr=1_7_7_240_150_3,Blindflug Studios AG,Blindflug Studios AG,"RTS,Strategy,Wargame,War,Simulation,Cold War,Military,Action,Tactical,Diplomacy,Atmospheric,Destruction,Political,Fast-Paced,Real-Time,Modern,Political Sim,Space,3D,Philosophical","music, mac, win",3D,"31 May, 2017",571₴,9,0.85,1270
Executive Assault,https://store.steampowered.com/app/331500/Executive_Assault/?snr=1_7_7_240_150_3,Hesketh Studios Ltd,Hesketh Studios Ltd,"Strategy,RTS,Action,FPS,Base Building,Robots,Sci-fi,Shooter,War,Multiplayer,Indie,Singleplayer,Real-Time,Co-op,First-Person,Open World,Sandbox,Survival,Great Soundtrack",win,First-Person,"17 Jul, 2015",209₴,9,0.85,1257
Age of Empires: Definitive Edition,https://store.steampowered.com/app/1017900/Age_of_Empires_Definitive_Edition/?snr=1_7_7_240_150_1,"Forgotten Empires, Tantalus","Forgotten Empires, Tantalus","Strategy,RTS,Multiplayer,City Builder,Base Building,Singleplayer,Historical,Classic,Remake,Medieval,Story Rich,Real-Time,Great Soundtrack,Co-op,Action,War,Retro,Isometric",win,Isometric,"19 Aug, 2019",2 670₴,9,0.84,10298
AirMech Strike,https://store.steampowered.com/app/206500/AirMech_Strike/?snr=1_7_7_240_150_3,Carbon Games,Carbon Games,"Free to Play,Strategy,Multiplayer,Mechs,RTS,MOBA,Action,Robots,Online Co-Op,Indie,Co-op,Sci-fi,PvP,Shooter,Massively Multiplayer,Early Access,Singleplayer,Adventure,Fast-Paced,RPG",win,,"30 Mar, 2018",Free to Play,9,0.84,10180
My Lands: Black Gem Hunting,https://store.steampowered.com/app/290730/My_Lands_Black_Gem_Hunting/?snr=1_7_7_240_150_3,"Gravvit Ltd, Forbes  Consult Ltd","Gravvit Ltd, Forbes  Consult Ltd","Strategy,Free to Play,RTS,Massively Multiplayer,Multiplayer,Indie,Casual,Adventure,MMORPG,Singleplayer,RPG,Co-op,2D",win,2D,"16 Sep, 2014",Free To Play,9,0.84,3284
Commandos 2: Men of Courage,https://store.steampowered.com/app/6830/Commandos_2_Men_of_Courage/?snr=1_7_7_240_150_5,Pyro Studios,Pyro Studios,"Strategy,Tactical,Stealth,World War II,Classic,Action,Co-op,RTS,Isometric,Real Time Tactics,Military,Multiplayer,Difficult,Old School,War,Singleplayer,Retro",win,Isometric,"30 Aug, 2002",110₴,9,0.84,2083
Homeworld: Deserts of Kharak,https://store.steampowered.com/app/281610/Homeworld_Deserts_of_Kharak/?snr=1_7_7_240_150_2,Blackbird Interactive,Blackbird Interactive,"Strategy,RTS,Sci-fi,Multiplayer,Story Rich,Great Soundtrack,Space,Female Protagonist,Atmospheric,Singleplayer,Action,Futuristic,Real-Time,Tactical,Co-op,Adventure,First-Person","mac, win",First-Person,"20 Jan, 2016",996₴,9,0.83,6244
Age of Darkness: Final Stand,https://store.steampowered.com/app/1426450/Age_of_Darkness_Final_Stand/?snr=1_7_7_240_150_1,PlaySide,PlaySide,"RTS,Base Building,Survival,Strategy,Building,Dark Fantasy,Tower Defense,Action RTS,Resource Management,Singleplayer,Fantasy,Medieval,Stylized,Atmospheric,PvE,Early Access,3D,Combat,Dark,Tactical",win,"Stylized,3D","7 Oct, 2021",220₴,9,0.83,4881
Rebel Inc: Escalation,https://store.steampowered.com/app/1088790/Rebel_Inc_Escalation/?snr=1_7_7_240_150_2,Ndemic Creations,Ndemic Creations,"Strategy,Simulation,Casual,Political Sim,Indie,Military,Political,War,Management,Tactical,Diplomacy,Singleplayer,RTS,Realistic,Real-Time with Pause,Addictive,Sandbox,Great Soundtrack,Replay Value,Economy","music, mac, win",Realistic,"13 Oct, 2021",733₴,9,0.83,4685
Becastled,https://store.steampowered.com/app/1330460/Becastled/?snr=1_7_7_240_150_2,Mana Potion Studios,Mana Potion Studios,"Base Building,Strategy,City Builder,Building,Medieval,RTS,Colony Sim,War,Military,Singleplayer,Tactical,Early Access,Economy,Indie,Magic,Fantasy,Cute,Stylized,Survival,Multiplayer",win,"Cute,Stylized","8 Feb, 2021",325₴,9,0.83,3946
Ultimate General: Gettysburg,https://store.steampowered.com/app/306660/Ultimate_General_Gettysburg/?snr=1_7_7_240_150_4,Game-Labs,Game-Labs,"Strategy,Historical,Simulation,RTS,Tactical,Wargame,Indie,War,Singleplayer,Military,Multiplayer","linux, mac, win",,"16 Oct, 2014",832₴,9,0.83,2292
Zombie Defense,https://store.steampowered.com/app/533780/Zombie_Defense/?snr=1_7_7_240_150_8,Home Net Games,Home Net Games,"Free to Play,Zombies,Tower Defense,Strategy,Multiplayer,Survival,Action,Casual,Indie,Singleplayer,Horror,RTS,Shooter,Co-op,Top-Down,2D","linux, mac, win","Top-Down,2D","30 Sep, 2016",Free To Play,9,0.83,2001
